,DocumentTitle,RIC,IssueISIN,SEDOL,TickerSymbol,IssuerOAPermID,FundClassLipperID
AAF.L,"Airtel Africa PLC, Ordinary Share, London Stock Exchange",AAF.L,GB00BKDRYJ47,BKDRYJ4,AAF,5066574810,
AAL.L,"Anglo American PLC, Ordinary Share, London Stock Exchange",AAL.L,GB00BTK05J60,BTK05J6,AAL,4295896494,
ABF.L,"Associated British Foods PLC, Ordinary Share, London Stock Exchange",ABF.L,GB0006731235,0673123,ABF,4295894968,
ADML.L,"Admiral Group PLC, Ordinary Share, London Stock Exchange",ADML.L,GB00B02J6398,B02J639,ADM,4295897802,
ALWA.L,"Alliance Witan PLC, Ordinary Share, London Stock Exchange",ALWA.L,GB00B11V7W98,B11V7W9,ALW,4295895691,71000040
ANTO.L,"Antofagasta PLC, Ordinary Share, London Stock Exchange",ANTO.L,GB0000456144,0045614,ANTO,4295898060,
AUTOA.L,"Autotrader Group PLC, Ordinary Share, London Stock Exchange",AUTOA.L,GB00BVYVFW23,BVYVFW2,AUTO,5045390794,
AV.L,"Aviva PLC, Ordinary Share, London Stock Exchange",AV.L,GB00BPQY8M80,BPQY8M8,AV.,8589934340,
AZN.L,"AstraZeneca PLC, Ordinary Share, London Stock Exchange",AZN.L,GB0009895292,0989529,AZN,4295894341,
BAB.L,"Babcock International Group PLC, Ordinary Share, London Stock Exchange",BAB.L,GB0009697037,0969703,BAB,4295894176,
BAES.L,"BAE Systems PLC, Ordinary Share, London Stock Exchange",BAES.L,GB0002634946,0263494,BA.,5000001291,
BARC.L,"Barclays PLC, Ordinary Share, London Stock Exchange",BARC.L,GB0031348658,3134865,BARC,8589934333,
BATS.L,"British American Tobacco plc, Ordinary Share, London Stock Exchange",BATS.L,GB0002875804,0287580,BATS,4295894777,
BBOXT.L,"Tritax Big Box Reit PLC, Ordinary Share, London Stock Exchange",BBOXT.L,GB00BG49KP99,BG49KP9,BBOX,5040692244,68410550
BEZG.L,"Beazley PLC, Ordinary Share, London Stock Exchange",BEZG.L,GB00BYQ0JC66,BYQ0JC6,BEZ,5050718643,
BGEO.L,"Lion Finance Group PLC, Ordinary Share, London Stock Exchange",BGEO.L,GB00BF4HYT85,BF4HYT8,BGEO,5063737547,
BKGH.L,"Berkeley Group Holdings PLC, Ordinary Share, London Stock Exchange",BKGH.L,GB00BP0RGD03,BP0RGD0,BKG,4295893899,
BLND.L,"British Land Company PLC, Ordinary Share, London Stock Exchange",BLND.L,GB0001367019,0136701,BLND,4295894958,
BNZL.L,"Bunzl plc, Ordinary Share, London Stock Exchange",BNZL.L,GB00B0744B38,B0744B3,BNZL,4295894970,
BP.L,"BP PLC, Ordinary Share, London Stock Exchange",BP.L,GB0007980591,0798059,BP.,4295894740,
BRBY.L,"Burberry Group PLC, Ordinary Share, London Stock Exchange",BRBY.L,GB0031743007,3174300,BRBY,4295897734,
BT.L,"BT Group PLC, Ordinary Share, London Stock Exchange",BT.L,GB0030913577,3091357,BT.A,4295895409,
BTRW.L,"Barratt Redrow PLC, Ordinary Share, London Stock Exchange",BTRW.L,GB0000811801,0081180,BTRW,4295894951,
CCEPC.L,"Coca-Cola Europacific Partners PLC, Ordinary Share, London Stock Exchange",CCEPC.L,GB00BDCPN049,BDCPN04,CCEP,5046625212,
CCH.L,"Coca Cola HBC AG, Ordinary Share, London Stock Exchange",CCH.L,CH0198251305,B9895B7,CCH,5036383104,
CNA.L,"Centrica PLC, Ordinary Share, London Stock Exchange",CNA.L,GB00B033F229,B033F22,CNA,4295894725,
CPG.L,"Compass Group PLC, Ordinary Share, London Stock Exchange",CPG.L,GB00BD6K4575,BD6K457,CPG,4295895403,
CRDA.L,"Croda International PLC, Ordinary Share, London Stock Exchange",CRDA.L,GB00BJFFLV09,BJFFLV0,CRDA,4295894667,
CTEC.L,"ConvaTec Group PLC, Ordinary Share, London Stock Exchange",CTEC.L,GB00BD3VFW73,BD3VFW7,CTEC,5052150231,
DCC.L,"DCC PLC, Ordinary Share, London Stock Exchange",DCC.L,IE0002424939,0242493,DCC,4295874865,
DGE.L,"Diageo PLC, Ordinary Share, London Stock Exchange",DGE.L,GB0002374006,0237400,DGE,4295894791,
DPLM.L,"Diploma PLC, Ordinary Share, London Stock Exchange",DPLM.L,GB0001826634,0182663,DPLM,4295895487,
EDV.L,"Endeavour Mining plc, Ordinary Share, London Stock Exchange",EDV.L,GB00BL6K5J42,BL6K5J4,EDV,5080177560,
ENT.L,"Entain PLC, Ordinary Share, London Stock Exchange",ENT.L,IM00B5VQMV65,B5VQMV6,ENT,5001428097,
EXPN.L,"Experian PLC, Ordinary Share, London Stock Exchange",EXPN.L,GB00B19NLV48,B19NLV4,EXPN,4295894507,
FCIT.L,"F&C Investment Trust PLC, Ordinary Share, London Stock Exchange",FCIT.L,GB0003466074,0346607,FCIT,4295894991,71000302
FRES.L,"Fresnillo PLC, Ordinary Share, London Stock Exchange",FRES.L,GB00B2QPKJ12,B2QPKJ1,FRES,4298007715,
GAW.L,"Games Workshop Group PLC, Ordinary Share, London Stock Exchange",GAW.L,GB0003718474,0371847,GAW,4295894534,
GLEN.L,"Glencore PLC, Ordinary Share, London Stock Exchange",GLEN.L,JE00B4T3BW64,B4T3BW6,GLEN,5034844193,
GSK.L,"GSK plc, Ordinary Share, London Stock Exchange",GSK.L,GB00BN7SWP63,BN7SWP6,GSK,4295895781,
HLMA.L,"Halma PLC, Ordinary Share, London Stock Exchange",HLMA.L,GB0004052071,0405207,HLMA,4295895428,
HLN.L,"Haleon PLC, Ordinary Share, London Stock Exchange",HLN.L,GB00BMX86B70,BMX86B7,HLN,5081488120,
HSBA.L,"HSBC Holdings PLC, Ordinary Share, London Stock Exchange",HSBA.L,GB0005405286,0540528,HSBA,8589934275,
HSX.L,"Hiscox Ltd, Ordinary Share, London Stock Exchange",HSX.L,BMG4593F1389,BVZHXQ9,HSX,4295894847,
HWDN.L,"Howden Joinery Group PLC, Ordinary Share, London Stock Exchange",HWDN.L,GB0005576813,0557681,HWDN,4295895849,
ICAG.L,"International Consolidated Airlines Group SA, Ordinary Share, London Stock Exchange",ICAG.L,ES0177542018,B5M6XQ7,IAG,5001229906,
ICGIN.L,"ICG PLC, Ordinary Share, London Stock Exchange",ICGIN.L,GB00BYT1DJ19,BYT1DJ1,ICG,4295895921,
IGG.L,"IG Group Holdings PLC, Ordinary Share, London Stock Exchange",IGG.L,GB00B06QFB75,B06QFB7,IGG,4295895760,
IHG.L,"InterContinental Hotels Group PLC, Ordinary Share, London Stock Exchange",IHG.L,GB00BHJYC057,BHJYC05,IHG,4295894762,
III.L,"3i Group PLC, Ordinary Share, London Stock Exchange",III.L,GB00B1YW4409,B1YW440,III,4295895807,71000002
IMB.L,"Imperial Brands PLC, Ordinary Share, London Stock Exchange",IMB.L,GB0004544929,0454492,IMB,4295894647,
IMI.L,"IMI PLC, Ordinary Share, London Stock Exchange",IMI.L,GB00BGLP8L22,BGLP8L2,IMI,4295894784,
INF.L,"Informa PLC, Ordinary Share, London Stock Exchange",INF.L,GB00BMJ6DW54,BMJ6DW5,INF,5044095778,
ITRK.L,"Intertek Group PLC, Ordinary Share, London Stock Exchange",ITRK.L,GB0031638363,3163836,ITRK,4295896316,
JD.L,"JD Sports Fashion PLC, Ordinary Share, London Stock Exchange",JD.L,GB00BM8Q5M07,BM8Q5M0,JD.,4295894669,
KGF.L,"Kingfisher PLC, Ordinary Share, London Stock Exchange",KGF.L,GB0033195214,3319521,KGF,4295895853,
LAND.L,"Land Securities Group PLC, Ordinary Share, London Stock Exchange",LAND.L,GB00BYW0PQ60,BYW0PQ6,LAND,4295895028,
LGEN.L,"Legal & General Group PLC, Ordinary Share, London Stock Exchange",LGEN.L,GB0005603997,0560399,LGEN,4295895043,
LLOY.L,"Lloyds Banking Group PLC, Ordinary Share, London Stock Exchange",LLOY.L,GB0008706128,0870612,LLOY,8589934254,
LMPL.L,"LondonMetric Property PLC, Ordinary Share, London Stock Exchange",LMPL.L,GB00B4WFW713,B4WFW71,LMP,4297668512,
LSEG.L,"London Stock Exchange Group PLC, Ordinary Share, London Stock Exchange",LSEG.L,GB00B0SWJX34,B0SWJX3,LSEG,4298007752,
MKS.L,"Marks and Spencer Group PLC, Ordinary Share, London Stock Exchange",MKS.L,GB0031274896,3127489,MKS,4295895044,
MNDI.L,"Mondi PLC, Ordinary Share, London Stock Exchange",MNDI.L,GB00BMWC6P49,BMWC6P4,MNDI,4295898932,
MNG.L,"M&G PLC, Ordinary Share, London Stock Exchange",MNG.L,GB00BKFB1C65,BKFB1C6,MNG,5021764927,
MRON.L,"Melrose Industries PLC, Ordinary Share, London Stock Exchange",MRON.L,GB00BNGDN821,BNGDN82,MRO,5047641169,
MTLN.L,"Metlen Energy & Metals PLC, Ordinary Share, London Stock Exchange",MTLN.L,GB00BTQGS779,BTQGS77,MTLN,5094822615,
NG.L,"National Grid PLC, Ordinary Share, London Stock Exchange",NG.L,GB00BDR05C01,BDR05C0,NG.,4295894468,
NWG.L,"NatWest Group PLC, Ordinary Share, London Stock Exchange",NWG.L,GB00BM8PJY71,BM8PJY7,NWG,8589934212,
NXT.L,"Next PLC, Ordinary Share, London Stock Exchange",NXT.L,GB0032089863,3208986,NXT,4295895761,
PCT.L,"Polar Capital Technology Trust PLC, Ordinary Share, London Stock Exchange",PCT.L,GB00BR3YV268,BR3YV26,PCT,5000049933,71000395
PRU.L,"Prudential PLC, Ordinary Share, London Stock Exchange",PRU.L,GB0007099541,0709954,PRU,8589934227,
PSHP.L,"Pershing Square Holdings Ltd, Ordinary Share, London Stock Exchange",PSHP.L,GG00BPFJTF46,BS7JCJ8,PSH,5039731355,68305144
PSN.L,"Persimmon PLC, Ordinary Share, London Stock Exchange",PSN.L,GB0006825383,0682538,PSN,4295894068,
PSON.L,"Pearson PLC, Ordinary Share, London Stock Exchange",PSON.L,GB0006776081,0677608,PSON,4295894824,
REL.L,"Relx PLC, Ordinary Share, London Stock Exchange",REL.L,GB00B2B0DG97,B2B0DG9,REL,4295894769,
RIO.L,"Rio Tinto PLC, Ordinary Share, London Stock Exchange",RIO.L,GB0007188757,0718875,RIO,4295894786,
RKT.L,"Reckitt Benckiser Group PLC, Ordinary Share, London Stock Exchange",RKT.L,GB00BSZBP530,BSZBP53,RKT,4295894756,
RMV.L,"Rightmove PLC, Ordinary Share, London Stock Exchange",RMV.L,GB00BGDT3G23,BGDT3G2,RMV,4295899077,
RR.L,"Rolls-Royce Holdings PLC, Ordinary Share, London Stock Exchange",RR.L,GB00B63H8491,B63H849,RR.,5033562382,
RTO.L,"Rentokil Initial PLC, Ordinary Share, London Stock Exchange",RTO.L,GB00B082RF11,B082RF1,RTO,4295894497,
SBRY.L,"J Sainsbury PLC, Ordinary Share, London Stock Exchange",SBRY.L,GB00B019KW72,B019KW7,SBRY,4295895145,
SDLF.L,"Standard Life PLC, Ordinary Share, London Stock Exchange",SDLF.L,GB00BGXQNP29,BGXQNP2,SDLF,5066589306,
SDR.L,"Schroders PLC, Ordinary Share, London Stock Exchange",SDR.L,GB00BP9LHF23,BP9LHF2,SDR,4295895179,
SGE.L,"Sage Group PLC, Ordinary Share, London Stock Exchange",SGE.L,GB00B8C3BL03,B8C3BL0,SGE,4295898763,
SGRO.L,"SEGRO PLC, Ordinary Share, London Stock Exchange",SGRO.L,GB00B5ZN1N88,B5ZN1N8,SGRO,4295895174,
SHEL.L,"Shell PLC, Ordinary Share, London Stock Exchange",SHEL.L,GB00BP6MXD84,BP6MXD8,SHEL,4295885039,
SJP.L,"St James's Place PLC, Ordinary Share, London Stock Exchange",SJP.L,GB0007669376,0766937,STJ,4295898928,
SMIN.L,"Smiths Group PLC, Ordinary Share, London Stock Exchange",SMIN.L,GB00B1WY2338,B1WY233,SMIN,4295895196,
SMT.L,"Scottish Mortgage Investment Trust PLC, Ordinary Share, London Stock Exchange",SMT.L,GB00BLDYK618,BLDYK61,SMT,4295895352,71000659
SN.L,"Smith & Nephew PLC, Ordinary Share, London Stock Exchange",SN.L,GB0009223206,0922320,SN.,4295895197,
SPX.L,"Spirax Group PLC, Ordinary Share, London Stock Exchange",SPX.L,GB00BWFGQN14,BWFGQN1,SPX,4295894930,
SSE.L,"SSE PLC, Ordinary Share, London Stock Exchange",SSE.L,GB0007908733,0790873,SSE,4295894191,
STAN.L,"Standard Chartered PLC, Ordinary Share, London Stock Exchange",STAN.L,GB0004082847,0408284,STAN,4295895205,
SVT.L,"Severn Trent PLC, Ordinary Share, London Stock Exchange",SVT.L,GB00B1FH8J72,B1FH8J7,SVT,4295896619,
TSCO.L,"Tesco PLC, Ordinary Share, London Stock Exchange",TSCO.L,GB00BLGZ9862,BLGZ986,TSCO,4295895258,
ULVR.L,"Unilever PLC, Ordinary Share, London Stock Exchange",ULVR.L,GB00BVZK7T90,BVZK7T9,ULVR,4295894770,
UU.L,"United Utilities Group PLC, Ordinary Share, London Stock Exchange",UU.L,GB00B39J2M42,B39J2M4,UU.,5000039682,
VOD.L,"Vodafone Group PLC, Ordinary Share, London Stock Exchange",VOD.L,GB00BH4HKS39,BH4HKS3,VOD,4295896661,
WEIR.L,"Weir Group PLC, Ordinary Share, London Stock Exchange",WEIR.L,GB0009465807,0946580,WEIR,4295895858,
WTB.L,"Whitbread PLC, Ordinary Share, London Stock Exchange",WTB.L,GB00B1KJJ408,B1KJJ40,WTB,4295894799,
